<configuration>

    <appender name="STDOUT" class="ch.qos.logback.core.ConsoleAppender">
        <encoder>
            <pattern>%msg%n</pattern>
        </encoder>
    </appender>

    <appender name="ROLLING" class="ch.qos.logback.core.rolling.RollingFileAppender">
        <file>Installer.log</file>

        <rollingPolicy class="ch.qos.logback.core.rolling.FixedWindowRollingPolicy">
            <fileNamePattern>Installer.%i.log</fileNamePattern>
            <minIndex>1</minIndex>
            <maxIndex>10</maxIndex>
        </rollingPolicy>

        <triggeringPolicy class="ch.qos.logback.core.rolling.SizeBasedTriggeringPolicy">
            <maxFileSize>25MB</maxFileSize>
        </triggeringPolicy>

        <encoder>
            <pattern>%d{HH:mm:ss.SSS} %-5level- %msg%n</pattern>
        </encoder>
    </appender>

    <root>
        <appender-ref ref="STDOUT" level="INFO"/>
        <appender-ref ref="ROLLING" level="DEBUG"/>
    </root>
</configuration>